"id","name","url","gender","avatar_url","follower_count"
"4919adc8ec822870bb999f0824258117","三千千千千","http://www.zhihu.com/api/v4/people/4919adc8ec822870bb999f0824258117","-1","https://pic4.zhimg.com/da8e974dc_is.jpg","0"
"ead76deccd66eb49e9e431362ec87fc9","雁翎刀","http://www.zhihu.com/api/v4/people/ead76deccd66eb49e9e431362ec87fc9","-1","https://pic2.zhimg.com/0d0e8b160c05a8f50c3a6e210e85b4a2_is.jpg","20"
"d753b611601784dc087b104d48d9b19f","做自己的摆渡人","http://www.zhihu.com/api/v4/people/d753b611601784dc087b104d48d9b19f","-1","https://pic4.zhimg.com/da8e974dc_is.jpg","1"
"dd0e3a4b11d2949e3a718db172a420b0","tnt","http://www.zhihu.com/api/v4/people/dd0e3a4b11d2949e3a718db172a420b0","-1","https://pic1.zhimg.com/v2-9a097d567af4a15292933cc99204bfbc_is.jpg","0"
"996492316ee5d05ba8e13d3f1412571d","yang","http://www.zhihu.com/api/v4/people/996492316ee5d05ba8e13d3f1412571d","-1","https://pic2.zhimg.com/v2-81b1d50f0ef36f29a6dfe6c888b14141_is.jpg","3"
"f758aa3b869d5091aeeafeebee6758d8","陌月","http://www.zhihu.com/api/v4/people/f758aa3b869d5091aeeafeebee6758d8","-1","https://pic1.zhimg.com/v2-bc035059b98bc4892281307f8f02c0bd_is.jpg","1"
"d5cabc9a4c9f9816050c3588bd2ce4b3","静之","http://www.zhihu.com/api/v4/people/d5cabc9a4c9f9816050c3588bd2ce4b3","-1","https://pic4.zhimg.com/da8e974dc_is.jpg","0"
"a64ed000488eae7f1bcd3b99004a1757","晶晶","http://www.zhihu.com/api/v4/people/a64ed000488eae7f1bcd3b99004a1757","-1","https://pic4.zhimg.com/da8e974dc_is.jpg","0"
"9aed16a1c2f0c93ee304042620bd3c37","鱼丸灌汤包丶","http://www.zhihu.com/api/v4/people/9aed16a1c2f0c93ee304042620bd3c37","-1","https://pic1.zhimg.com/v2-7c76337979dc1060406b3f953d414bc6_is.jpg","2"
"8a2932927aace7659077be15872a086a","记性不好谢谢","http://www.zhihu.com/api/v4/people/8a2932927aace7659077be15872a086a","0","https://pic3.zhimg.com/v2-24208bd11f4a21ce48f4c463701858d1_is.jpg","2"
"7183381884c5f8d4309c01c83810b024","James思行","http://www.zhihu.com/api/v4/people/7183381884c5f8d4309c01c83810b024","-1","https://pic1.zhimg.com/v2-52c29c19476eb2d3be56d917336b04c0_is.jpg","0"
"3a147a420ed98a06d7d869bfa8b35820","ok咖","http://www.zhihu.com/api/v4/people/3a147a420ed98a06d7d869bfa8b35820","0","https://pic4.zhimg.com/d93e8a8330b4cae400cd16810c875ec6_is.jpg","12"
"3e47cc78a718db6dc9b8caab0e41ac4c","小宝观世界","http://www.zhihu.com/api/v4/people/3e47cc78a718db6dc9b8caab0e41ac4c","0","https://pic1.zhimg.com/00814593056f68385d75e30bd3913fde_is.jpg","4"
"052a3074df8f9d7d0d9d474ccaf8aee4","Mr.V","http://www.zhihu.com/api/v4/people/052a3074df8f9d7d0d9d474ccaf8aee4","-1","https://pic4.zhimg.com/36a5c6fa7767fa64d262db5aa92362df_is.jpg","0"
"518b8580bb8e451bcba82b60cf7aca2c","好青年刘胖胖","http://www.zhihu.com/api/v4/people/518b8580bb8e451bcba82b60cf7aca2c","1","https://pic4.zhimg.com/v2-206506d70633ed7c96aba09c98cecec4_is.jpg","0"
"07bbfd594cbe81159ab9e1d008710f84","Z.A","http://www.zhihu.com/api/v4/people/07bbfd594cbe81159ab9e1d008710f84","-1","https://pic2.zhimg.com/v2-81a1c1da263e4616aaadc58c1ec153d8_is.jpg","3"
"e8c78cc622a8c86495e5b33cf7bfcdfc","果冻酱茶","http://www.zhihu.com/api/v4/people/e8c78cc622a8c86495e5b33cf7bfcdfc","-1","https://pic4.zhimg.com/da8e974dc_is.jpg","0"
"bb7ac1d653fe78e51e2c9fe3e516e61a","佯装","http://www.zhihu.com/api/v4/people/bb7ac1d653fe78e51e2c9fe3e516e61a","1","https://pic2.zhimg.com/v2-decb28d1867e4a2e76f104ff071aa6df_is.jpg","895"
"a046ac419824e01e2512d6aa7a9409dd","Miss有酒窝的猫","http://www.zhihu.com/api/v4/people/a046ac419824e01e2512d6aa7a9409dd","0","https://pic4.zhimg.com/da8e974dc_is.jpg","0"
"84b1c8d8590a2d0f91449e851c38b574","時光若刻","http://www.zhihu.com/api/v4/people/84b1c8d8590a2d0f91449e851c38b574","1","https://pic3.zhimg.com/v2-ae9d1156a5e86523730fc87c92274042_is.jpg","1166"
